date,year,location,tmax,tmin,af,rain,sun
1990-01-01,1990,Cambridge,9.8,4,0,43.8,64.7
1990-02-01,1990,Cambridge,11.4,4.7,1,71.1,102
1990-03-01,1990,Cambridge,12.9,4.7,3,23.2,153.2
1990-04-01,1990,Cambridge,13.5,3.1,7,28.2,206.3
1990-05-01,1990,Cambridge,19.1,6.7,0,6.2,225.7
1990-06-01,1990,Cambridge,19.2,9.8,0,30.1,112.5
1990-07-01,1990,Cambridge,23.7,11.5,0,16.9,224.8
1990-08-01,1990,Cambridge,25.7,13.6,0,21.1,230.8
1990-09-01,1990,Cambridge,18.6,8.9,0,37.3,136.8
1990-10-01,1990,Cambridge,16.2,9.5,0,43.7,126.3
1990-11-01,1990,Cambridge,9.8,4.5,1,40.5,40.6
1990-12-01,1990,Cambridge,6.9,2.3,5,45.8,43.1
1991-01-01,1991,Cambridge,6.2,1.2,8,29.9,75.6
1991-02-01,1991,Cambridge,4.6,-1.8,20,23,45.3
1991-03-01,1991,Cambridge,12,4.7,2,37.9,100.3
1991-04-01,1991,Cambridge,12.4,4,3,42.9,147.1
1991-05-01,1991,Cambridge,14.7,6.6,1,13.9,114.5
1991-06-01,1991,Cambridge,16.7,8.8,0,97.6,113.5
1991-07-01,1991,Cambridge,22.9,13.1,0,32.1,192.7
1991-08-01,1991,Cambridge,23.7,12.8,0,41.2,209.8
1991-09-01,1991,Cambridge,20.5,9.8,0,46.5,176.1
1991-10-01,1991,Cambridge,14.1,6.9,1,18.5,88.9
1991-11-01,1991,Cambridge,9.8,4.2,3,54.9,51
1991-12-01,1991,Cambridge,7.3,1.2,12,11.9,43.8
1992-01-01,1992,Cambridge,6.4,1.4,10,67.8,49.5
1992-02-01,1992,Cambridge,9.2,2,8,14,56.1
1992-03-01,1992,Cambridge,11.1,4.6,0,58,74
1992-04-01,1992,Cambridge,13.2,4.9,1,40.7,115.7
1992-05-01,1992,Cambridge,19.8,8.1,0,34.3,234.2
1992-06-01,1992,Cambridge,21.7,10.7,0,35.8,185.2
1992-07-01,1992,Cambridge,21.8,13.1,0,54.4,138.8
1992-08-01,1992,Cambridge,21.2,12.2,0,72.4,163
1992-09-01,1992,Cambridge,18.4,10,0,82,127.7
1992-10-01,1992,Cambridge,11.5,5.1,0,91.6,97.9
1992-11-01,1992,Cambridge,10.8,4.2,1,78.2,62.5
1992-12-01,1992,Cambridge,6.4,0.5,15,31.6,42.5
1993-01-01,1993,Cambridge,9.6,2.9,5,51.3,39.8
1993-02-01,1993,Cambridge,6.6,2.3,3,11.6,37.4
1993-03-01,1993,Cambridge,10.7,3.1,7,19.9,125
1993-04-01,1993,Cambridge,13.4,6.3,0,78.4,108.4
1993-05-01,1993,Cambridge,17.2,7.6,0,47.9,185.7
1993-06-01,1993,Cambridge,20.4,10.5,0,86,186.6
1993-07-01,1993,Cambridge,20.5,11.5,0,54.4,169.1
1993-08-01,1993,Cambridge,20.5,10.6,0,37.5,196.3
1993-09-01,1993,Cambridge,16.7,9.6,0,67.4,95.1
1993-10-01,1993,Cambridge,12.1,6.2,5,88.9,107.6
1993-11-01,1993,Cambridge,7.9,2.1,11,53.5,59.3
1993-12-01,1993,Cambridge,8.5,2.6,5,78.3,43.5
1994-01-01,1994,Cambridge,8.5,2.3,7,70.5,66.6
1994-02-01,1994,Cambridge,6.7,0,13,34.4,82.8
1994-03-01,1994,Cambridge,11.7,4.2,0,36.1,134.1
1994-04-01,1994,Cambridge,12.4,4.3,3,67.3,164.5
1994-05-01,1994,Cambridge,15.1,7.1,0,44.1,135.9
1994-06-01,1994,Cambridge,20.3,10.3,0,20,219.6
1994-07-01,1994,Cambridge,25.8,13.1,0,23,222.1
1994-08-01,1994,Cambridge,22.1,13,0,36.4,176.9
1994-09-01,1994,Cambridge,16.6,10.1,0,72.1,103.2
1994-10-01,1994,Cambridge,13.9,7.9,0,74.9,108.2
1994-11-01,1994,Cambridge,12.6,7,1,27.3,36.6
1994-12-01,1994,Cambridge,9.8,2.5,10,41.7,66.7
1995-01-01,1995,Cambridge,7.9,1.7,6,86.5,56.9
1995-02-01,1995,Cambridge,9.6,3.3,2,63.1,84.4
1995-03-01,1995,Cambridge,9.9,1.6,12,50.8,185.8
1995-04-01,1995,Cambridge,13.9,4.5,4,10.2,161.7
1995-05-01,1995,Cambridge,17.9,6.2,1,24.4,202.5
1995-06-01,1995,Cambridge,18.7,9.3,0,17.3,159.7
1995-07-01,1995,Cambridge,25.8,13.4,0,27.1,234.9
1995-08-01,1995,Cambridge,25.7,13.1,0,5.3,243.7
1995-09-01,1995,Cambridge,18,10.4,0,105.4,114.8
1995-10-01,1995,Cambridge,17.6,9.5,1,12.7,149.4
1995-11-01,1995,Cambridge,10.9,5,3,29.4,67.3
1995-12-01,1995,Cambridge,4.3,-0.4,15,63.9,29.5
1996-01-01,1996,Cambridge,5.8,1.7,8,33.2,21.9
1996-02-01,1996,Cambridge,5.4,-1,18,45.8,82.6
1996-03-01,1996,Cambridge,7.2,1,9,19.5,59.7
1996-04-01,1996,Cambridge,13.7,3.8,6,4.5,148.9
1996-05-01,1996,Cambridge,13.9,4.3,6,19.8,155.8
1996-06-01,1996,Cambridge,21.5,9.4,0,12.4,225.6
1996-07-01,1996,Cambridge,23.2,11.7,0,40.5,207.4
1996-08-01,1996,Cambridge,22.6,12.6,0,63.9,176.3
1996-09-01,1996,Cambridge,18.4,10.1,0,5.6,130.8
1996-10-01,1996,Cambridge,15.9,8.2,0,31.2,143
1996-11-01,1996,Cambridge,9.3,2.7,12,70.9,92.1
1996-12-01,1996,Cambridge,5.1,0.3,15,30.2,52.5
1997-01-01,1997,Cambridge,4.7,-1.2,22,11.6,51.8
1997-02-01,1997,Cambridge,10.5,3.5,3,38.7,60
1997-03-01,1997,Cambridge,13,4.9,0,7,144.8
1997-04-01,1997,Cambridge,13.9,3.9,4,12.5,159.3
1997-05-01,1997,Cambridge,17.6,6.5,1,36.8,222.4
1997-06-01,1997,Cambridge,18.9,11,0,151,135.7
1997-07-01,1997,Cambridge,22.3,11.6,0,25.9,199.3
1997-08-01,1997,Cambridge,26.3,14.1,0,60.5,188.2
1997-09-01,1997,Cambridge,19.9,10.3,0,15,162.4
1997-10-01,1997,Cambridge,14.7,5.8,7,45.1,146.7
1997-11-01,1997,Cambridge,11.7,5.1,4,40.4,48.3
1997-12-01,1997,Cambridge,8.5,3,7,62.4,39.7
1998-01-01,1998,Cambridge,8.1,2.5,6,48.1,46.8
1998-02-01,1998,Cambridge,11.2,3.2,4,4.8,119.9
1998-03-01,1998,Cambridge,11.5,4.6,3,45.2,73.8
1998-04-01,1998,Cambridge,11.9,5.5,1,120.4,111.2
1998-05-01,1998,Cambridge,18.2,7.1,0,6.4,183.6
1998-06-01,1998,Cambridge,18.9,10.8,0,101.9,132.5
1998-07-01,1998,Cambridge,20.8,11.7,0,25.7,144
1998-08-01,1998,Cambridge,22.6,11.1,0,16,201.5
1998-09-01,1998,Cambridge,19.4,11.9,0,104,121.5
1998-10-01,1998,Cambridge,14,8.1,1,77.3,102.2
1998-11-01,1998,Cambridge,8.4,2.4,6,55.1,66.4
1998-12-01,1998,Cambridge,8.7,2.4,10,59.8,37.5
1999-01-01,1999,Cambridge,9.1,2.4,6,50.2,68.6
1999-02-01,1999,Cambridge,8.2,1.8,9,36.1,96.6
1999-03-01,1999,Cambridge,11.7,4,2,40.9,103.4
1999-04-01,1999,Cambridge,14.3,5.2,3,33,153.8
1999-05-01,1999,Cambridge,18.3,8.3,0,49.8,161.4
1999-06-01,1999,Cambridge,19.2,9.7,0,89,197.9
1999-07-01,1999,Cambridge,24.5,12.5,0,24.5,233.2
1999-08-01,1999,Cambridge,21.6,12.4,0,92.5,138.7
1999-09-01,1999,Cambridge,21.3,11.9,0,76.4,148.5
1999-10-01,1999,Cambridge,14.9,7.3,0,43.7,137
1999-11-01,1999,Cambridge,10.6,5.1,0,25.3,63.3
1999-12-01,1999,Cambridge,7.8,1.8,8,63.1,76.1
2000-01-01,2000,Cambridge,8.1,1.8,11,20.5,78.6
2000-02-01,2000,Cambridge,9.8,2.8,5,50.7,106.4
2000-03-01,2000,Cambridge,11.2,4,2,14.6,109.2
2000-04-01,2000,Cambridge,12.4,4.5,4,85.9,138
2000-05-01,2000,Cambridge,16.8,8.5,0,83.8,161.2
2000-06-01,2000,Cambridge,20.5,11.3,0,17.5,162
2000-07-01,2000,Cambridge,20.1,11.8,0,60.7,126.9
2000-08-01,2000,Cambridge,23.1,12.6,0,21.1,207.7
2000-09-01,2000,Cambridge,20,12.6,0,68.1,126.5
2000-10-01,2000,Cambridge,14,8,0,108,98.7
2000-11-01,2000,Cambridge,10.4,3.8,2,108.8,69.6
2000-12-01,2000,Cambridge,8.1,3.5,9,59.6,50
2001-01-01,2001,Cambridge,6.1,0.4,14,47.2,83.8
2001-02-01,2001,Cambridge,8.2,0.9,14,72.4,77.2
2001-03-01,2001,Cambridge,9,2,8,77.4,87.7
2001-04-01,2001,Cambridge,12.1,3.9,1,62.6,132
2001-05-01,2001,Cambridge,18.5,7.2,0,17.5,220.7
2001-06-01,2001,Cambridge,19.9,9.6,0,22.8,194
2001-07-01,2001,Cambridge,23.1,13.2,0,55.1,178.7
2001-08-01,2001,Cambridge,22.9,13.3,0,65.8,180.5
2001-09-01,2001,Cambridge,17.3,10.1,0,68.9,114.9
2001-10-01,2001,Cambridge,17.3,10.9,0,128.9,107.7
2001-11-01,2001,Cambridge,10.6,4,4,36.4,73.7
2001-12-01,2001,Cambridge,6.2,0.4,18,19.3,72
2002-01-01,2002,Cambridge,8.9,2.6,8,33,48.8
2002-02-01,2002,Cambridge,10.7,3.7,4,50.4,82.5
2002-03-01,2002,Cambridge,12,3,7,30.6,122.9
2002-04-01,2002,Cambridge,14.7,4.2,2,33.4,196.2
2002-05-01,2002,Cambridge,16.6,7.9,0,53.5,180.2
2002-06-01,2002,Cambridge,20.1,10.3,0,28.5,182.1
2002-07-01,2002,Cambridge,22,12.3,0,94.6,172.2
2002-08-01,2002,Cambridge,22.9,13.2,0,42,143.8
2002-09-01,2002,Cambridge,19.6,10,0,23.5,147.6
2002-10-01,2002,Cambridge,14.3,6.7,0,67.7,94.4
2002-11-01,2002,Cambridge,11.4,5.7,2,85.9,47.3
2002-12-01,2002,Cambridge,8.2,3.9,4,85.1,20.4
2003-01-01,2003,Cambridge,7,1.6,12,78.6,53
2003-02-01,2003,Cambridge,7.8,0.8,12,12.9,101.5
2003-03-01,2003,Cambridge,12.9,2.4,8,13.7,164
2003-04-01,2003,Cambridge,15.1,4.5,4,24.2,178.3
2003-05-01,2003,Cambridge,17.5,7.5,0,39.9,190
2003-06-01,2003,Cambridge,22.1,11.5,0,60.7,210
2003-07-01,2003,Cambridge,23.7,13.3,0,66.8,184.6
2003-08-01,2003,Cambridge,25.3,13.3,0,2,214.1
2003-09-01,2003,Cambridge,21.3,8.9,0,15.7,196.3
2003-10-01,2003,Cambridge,14,4.8,1,30,141.8
2003-11-01,2003,Cambridge,11.7,5.9,1,80.8,72.9
2003-12-01,2003,Cambridge,8.1,2.3,7,46,57.8
2004-01-01,2004,Cambridge,8.1,2.7,7,69.6,49.2
2004-02-01,2004,Cambridge,8.1,3.3,11,34.3,72.6
2004-03-01,2004,Cambridge,10.5,3.2,3,24.7,96.2
2004-04-01,2004,Cambridge,14.2,5.5,0,41.4,138.9
2004-05-01,2004,Cambridge,16.9,7.9,0,44.5,162.7
2004-06-01,2004,Cambridge,21.2,11.2,0,34,190.9
2004-07-01,2004,Cambridge,22,11.6,0,59.3,173.8
2004-08-01,2004,Cambridge,24,14.1,0,70.7,184.8
2004-09-01,2004,Cambridge,20.6,11.1,0,18.7,169.8
2004-10-01,2004,Cambridge,15,7.8,0,67.2,99
2004-11-01,2004,Cambridge,10.5,5.5,3,45.4,56.6
2004-12-01,2004,Cambridge,8.4,2.5,9,32.2,51.4
2005-01-01,2005,Cambridge,9.2,3.1,5,28.3,66.3
2005-02-01,2005,Cambridge,7.1,1.9,9,22.3,67
2005-03-01,2005,Cambridge,10.7,3.8,7,19.8,66
2005-04-01,2005,Cambridge,14.2,4.3,4,27.7,130.6
2005-05-01,2005,Cambridge,16.6,7,0,47.4,197.6
2005-06-01,2005,Cambridge,21.8,10.9,0,47.1,175.8
2005-07-01,2005,Cambridge,22,12.8,0,43.7,157.5
2005-08-01,2005,Cambridge,22.6,11.5,0,53.3,182.5
2005-09-01,2005,Cambridge,21.1,11.3,0,166.2,148.1
2005-10-01,2005,Cambridge,17.4,10.5,0,61.2,107.1
2005-11-01,2005,Cambridge,10.1,3,9,47.2,101
2005-12-01,2005,Cambridge,7.8,1.8,10,18,75.1
2006-01-01,2006,Cambridge,7,1.5,12,19.8,48.8
2006-02-01,2006,Cambridge,7,1.5,5,25.2,71.1
2006-03-01,2006,Cambridge,9,1.7,12,35.9,105.2
2006-04-01,2006,Cambridge,13.5,5.1,3,30.1,144.5
2006-05-01,2006,Cambridge,17.4,8.7,0,62.8,155.7
2006-06-01,2006,Cambridge,22.5,11.2,0,18.9,220.2
2006-07-01,2006,Cambridge,28.3,14.1,0,45.1,253.5
2006-08-01,2006,Cambridge,21.5,12.2,0,74.9,152.5
2006-09-01,2006,Cambridge,22.7,13.4,0,50,164.7
2006-10-01,2006,Cambridge,17.5,10.5,0,43.2,111.4
2006-11-01,2006,Cambridge,12.5,5.1,2,64.8,109
2006-12-01,2006,Cambridge,9.7,3.3,6,50.5,41
2007-01-01,2007,Cambridge,10.4,3.8,5,68.5,66.2
2007-02-01,2007,Cambridge,9.7,2.3,8,50.9,70.4
2007-03-01,2007,Cambridge,12.1,3.2,1,25.7,161.1
2007-04-01,2007,Cambridge,17.1,6,1,1,183.1
2007-05-01,2007,Cambridge,16.9,8.3,0,124.3,121.7
2007-06-01,2007,Cambridge,20.4,11.1,0,59,148.9
2007-07-01,2007,Cambridge,21.6,11,0,62.1,189.7
2007-08-01,2007,Cambridge,21.6,10.8,0,51.1,180.4
2007-09-01,2007,Cambridge,19.5,10,0,25.2,158.1
2007-10-01,2007,Cambridge,15.2,7.2,0,56.4,97.3
2007-11-01,2007,Cambridge,11.1,3.7,5,36.3,77.2
2007-12-01,2007,Cambridge,8.5,1.9,12,38.2,51.9
2008-01-01,2008,Cambridge,10.3,3.8,0,58,63.2
2008-02-01,2008,Cambridge,9.9,0.6,11,12.8,105.2
2008-03-01,2008,Cambridge,10.1,3,5,68.9,117
2008-04-01,2008,Cambridge,13.1,3.8,3,50.8,158.2
2008-05-01,2008,Cambridge,19,7.9,0,62.9,173.9
2008-06-01,2008,Cambridge,19.7,10.4,0,34.6,181.8
2008-07-01,2008,Cambridge,22.8,12.4,0,52.1,188.1
2008-08-01,2008,Cambridge,22.3,13.3,0,64.7,122.7
2008-09-01,2008,Cambridge,18.6,9.6,0,59.5,103.3
2008-10-01,2008,Cambridge,14.4,6.1,1,56.2,130.3
2008-11-01,2008,Cambridge,10.3,4.7,5,68.8,55.5
2008-12-01,2008,Cambridge,6.6,1.4,11,21.3,68
2009-01-01,2009,Cambridge,5.8,0.2,13,40.9,46.2
2009-02-01,2009,Cambridge,7.1,1.8,13,47.9,42.1
2009-03-01,2009,Cambridge,11.9,2.8,6,32.2,149.7
2009-04-01,2009,Cambridge,15.6,5.4,0,12.6,166.1
2009-05-01,2009,Cambridge,18.3,7.7,0,28.4,204
2009-06-01,2009,Cambridge,20.9,10.2,0,40.8,198.8
2009-07-01,2009,Cambridge,22.5,12.1,0,71,196.9
2009-08-01,2009,Cambridge,23.6,13.1,0,58.6,200
2009-09-01,2009,Cambridge,20.1,10.5,0,10,152.5
2009-10-01,2009,Cambridge,15.7,8.3,0,32.2,87.8
2009-11-01,2009,Cambridge,12,6.5,0,89.8,78.7
2009-12-01,2009,Cambridge,6.2,0.6,12,63.2,68.5
2010-01-01,2010,Cambridge,3.9,-0.4,15,46.6,55.2
2010-02-01,2010,Cambridge,6.1,0.4,12,70.6,54.9
2010-03-01,2010,Cambridge,10.9,2.8,9,26.2,118.4
2010-04-01,2010,Cambridge,14.9,3.7,3,12.5,212.1
2010-05-01,2010,Cambridge,16.5,5.9,2,28.6,209.4
2010-06-01,2010,Cambridge,21.6,10,0,25.4,229.9
2010-07-01,2010,Cambridge,24.6,13.8,0,10.8,NA
2010-08-01,2010,Cambridge,21,12.2,0,133.2,NA
2010-09-01,2010,Cambridge,19,10.5,0,46.4,NA
2010-10-01,2010,Cambridge,14.7,7.7,0,39,NA
2010-11-01,2010,Cambridge,8.4,3,9,22.4,NA
2010-12-01,2010,Cambridge,2.8,-2.7,23,19.8,NA
2011-01-01,2011,Cambridge,6.8,2.2,7,52.4,NA
2011-02-01,2011,Cambridge,9.6,4,2,28.2,NA
2011-03-01,2011,Cambridge,11.6,2.7,5,1.8,NA
2011-04-01,2011,Cambridge,18.6,6.5,0,2,NA
2011-05-01,2011,Cambridge,18.7,7.8,1,12.8,NA
2011-06-01,2011,Cambridge,20.3,9.9,0,53,NA
2011-07-01,2011,Cambridge,21.2,10.9,0,38.4,NA
2011-08-01,2011,Cambridge,21.6,11.9,0,40.2,NA
2011-09-01,2011,Cambridge,21.2,11.3,0,31.6,NA
2011-10-01,2011,Cambridge,17.9,9.3,0,15.8,NA
2011-11-01,2011,Cambridge,13.3,6.6,2,28,NA
2011-12-01,2011,Cambridge,9.1,3.2,3,43,NA
2012-01-01,2012,Cambridge,9.1,2.8,7,39,NA
2012-02-01,2012,Cambridge,7,0.1,12,17.4,NA
2012-03-01,2012,Cambridge,13.3,2.6,5,23.4,NA
2012-04-01,2012,Cambridge,12.2,3.9,2,95.6,NA
2012-05-01,2012,Cambridge,16.9,7.9,0,42.6,NA
2012-06-01,2012,Cambridge,18.5,10.4,0,91.4,NA
2012-07-01,2012,Cambridge,21.2,12,0,101.4,NA
2012-08-01,2012,Cambridge,23.5,12.9,0,39.2,NA
2012-09-01,2012,Cambridge,19.3,8.9,0,30,NA
2012-10-01,2012,Cambridge,13.5,6.9,0,78.6,NA
2012-11-01,2012,Cambridge,10,4,2,71,NA
2012-12-01,2012,Cambridge,8.1,2.1,10,97.7,NA
2013-01-01,2013,Cambridge,5.8,0.5,16,39.8,NA
2013-02-01,2013,Cambridge,6,0.6,9,19.6,NA
2013-03-01,2013,Cambridge,6.2,0.1,16,38.6,NA
2013-04-01,2013,Cambridge,13.2,3.4,11,26.4,NA
2013-05-01,2013,Cambridge,15.9,6.1,1,52,NA
2013-06-01,2013,Cambridge,19.2,9.7,0,14.2,NA
2013-07-01,2013,Cambridge,25.1,12.8,0,32.8,NA
2013-08-01,2013,Cambridge,23.5,13,0,48.2,NA
2013-09-01,2013,Cambridge,19,10,0,34.8,NA
2013-10-01,2013,Cambridge,16.2,9.8,0,78.2,NA
2013-11-01,2013,Cambridge,9.6,3.7,2,40.2,NA
2013-12-01,2013,Cambridge,9.7,3.1,1,36,NA
2014-01-01,2014,Cambridge,9.2,3.1,4,103.6,NA
2014-02-01,2014,Cambridge,9.8,3.8,0,61.2,NA
2014-03-01,2014,Cambridge,13.4,3.4,4,17.4,NA
2014-04-01,2014,Cambridge,15.9,6.3,2,13.8,NA
2014-05-01,2014,Cambridge,17.7,8.7,0,84.6,NA
2014-06-01,2014,Cambridge,20.8,10.7,0,44.4,NA
2014-07-01,2014,Cambridge,24.4,13.5,0,49.2,NA
2014-08-01,2014,Cambridge,21,11.8,0,126.8,NA
2014-09-01,2014,Cambridge,20.5,11,0,23,NA
2014-10-01,2014,Cambridge,17,9.9,0,67.2,NA
2014-11-01,2014,Cambridge,11.9,5.8,3,58.4,NA
2014-12-01,2014,Cambridge,8.5,2.8,8,40.2,NA
2015-01-01,2015,Cambridge,8,1.3,12,46.7,NA
2015-02-01,2015,Cambridge,7.4,1.2,10,30.8,NA
2015-03-01,2015,Cambridge,11.1,3.1,4,19.4,NA
2015-04-01,2015,Cambridge,15,4.1,0,20.2,NA
2015-05-01,2015,Cambridge,16.5,7.5,2,42.2,NA
2015-06-01,2015,Cambridge,20.3,9.5,0,19,NA
2015-07-01,2015,Cambridge,22.5,12.3,0,78.8,NA
2015-08-01,2015,Cambridge,22.2,12.7,0,47.4,NA
2015-09-01,2015,Cambridge,18.1,8.6,0,32.8,NA
2015-10-01,2015,Cambridge,15.1,7.8,0,49.8,NA
2015-11-01,2015,Cambridge,13.3,6.7,2,49,NA
2015-12-01,2015,Cambridge,13.2,7.6,0,49.8,NA
2016-01-01,2016,Cambridge,8.7,2.6,4,49.8,NA
2016-02-01,2016,Cambridge,8.8,1.9,11,24.6,NA
2016-03-01,2016,Cambridge,10,1.9,8,50.4,NA
2016-04-01,2016,Cambridge,12.4,3.6,3,58.8,NA
2016-05-01,2016,Cambridge,17.7,7.8,0,27.8,NA
2016-06-01,2016,Cambridge,19.7,11.4,0,99.3,NA
2016-07-01,2016,Cambridge,23.2,13.1,0,18.2,NA
2016-08-01,2016,Cambridge,23.9,12.7,0,48.4,NA
2016-09-01,2016,Cambridge,21.8,12.6,0,45.2,NA
2016-10-01,2016,Cambridge,15,7.2,0,19.6,NA
2016-11-01,2016,Cambridge,9.6,2.4,6,56.8,NA
2016-12-01,2016,Cambridge,9.4,2.4,9,25.4,NA
1990-01-01,1990,Eastbourne,10.2,6.3,0,111.5,50.2
1990-02-01,1990,Eastbourne,11,7.1,0,111.6,107
1990-03-01,1990,Eastbourne,11.7,6.8,0,7.2,161.1
1990-04-01,1990,Eastbourne,13.1,6,0,60.9,268.7
1990-05-01,1990,Eastbourne,17.6,10.3,0,7.2,323.2
1990-06-01,1990,Eastbourne,17.1,11.8,0,43.2,174.6
1990-07-01,1990,Eastbourne,20.3,13.9,0,5,289
1990-08-01,1990,Eastbourne,22.3,15.8,0,35.5,293.3
1990-09-01,1990,Eastbourne,18.5,11.5,0,37.2,193
1990-10-01,1990,Eastbourne,16,11.5,0,127.2,126.6
1990-11-01,1990,Eastbourne,10.8,7.1,0,83.5,95.1
1990-12-01,1990,Eastbourne,7.9,4.4,1,69.9,53.6
1991-01-01,1991,Eastbourne,7.7,4.4,0,99,64.7
1991-02-01,1991,Eastbourne,4.8,0.3,15,40.8,77.1
1991-03-01,1991,Eastbourne,10.7,5.8,0,55.1,118.4
1991-04-01,1991,Eastbourne,12,5.7,1,43.1,195.8
1991-05-01,1991,Eastbourne,14.2,7.7,0,16,161.6
1991-06-01,1991,Eastbourne,15.2,10.5,0,139.3,150.1
1991-07-01,1991,Eastbourne,19.7,14.4,0,131.6,232.8
1991-08-01,1991,Eastbourne,21.1,15.1,0,7.6,300.1
1991-09-01,1991,Eastbourne,19.5,13.2,0,39.7,200.3
1991-10-01,1991,Eastbourne,14.5,9.3,0,43.1,116.9
1991-11-01,1991,Eastbourne,10.8,5.9,0,138.9,68.2
1991-12-01,1991,Eastbourne,8.8,4.3,2,28.1,55.5
1992-01-01,1992,Eastbourne,7.1,3.2,6,24.7,59
1992-02-01,1992,Eastbourne,8.7,4,5,30.4,84.4
1992-03-01,1992,Eastbourne,10.5,6.2,0,59.7,70.5
1992-04-01,1992,Eastbourne,12.4,7,0,91.5,166
1992-05-01,1992,Eastbourne,17.7,10.9,0,19.8,293
1992-06-01,1992,Eastbourne,19.4,12.5,0,8,259.3
1992-07-01,1992,Eastbourne,20.2,14.6,0,88.7,213.2
1992-08-01,1992,Eastbourne,19.6,15,0,109.3,176.1
1992-09-01,1992,Eastbourne,17.6,13,0,72.5,158.5
1992-10-01,1992,Eastbourne,13.1,7.4,0,116.4,132.5
1992-11-01,1992,Eastbourne,12.4,7.2,0,138.2,73.2
1992-12-01,1992,Eastbourne,8.2,4,3,52.6,52.5
1993-01-01,1993,Eastbourne,10.1,5.5,3,93.4,50.2
1993-02-01,1993,Eastbourne,7.4,3.4,1,6.2,65.9
1993-03-01,1993,Eastbourne,9.7,4.3,1,23.9,147.8
1993-04-01,1993,Eastbourne,13,7.9,0,105.1,168.7
1993-05-01,1993,Eastbourne,16,10.3,0,34.9,217.1
1993-06-01,1993,Eastbourne,18.7,13,0,75.8,269.2
1993-07-01,1993,Eastbourne,18.9,13.8,0,68.9,199.2
1993-08-01,1993,Eastbourne,19.4,13.3,0,37.7,254.8
1993-09-01,1993,Eastbourne,17.2,11.2,0,107.5,135.4
1993-10-01,1993,Eastbourne,13.2,8.4,0,89.8,117.4
1993-11-01,1993,Eastbourne,8.9,4.1,3,59.9,81.3
1993-12-01,1993,Eastbourne,9.7,5.4,1,180.7,56.2
1994-01-01,1994,Eastbourne,9.1,5,0,110.2,74.6
1994-02-01,1994,Eastbourne,7.5,2.9,4,46.1,67.7
1994-03-01,1994,Eastbourne,10.9,6.1,0,65.5,131.9
1994-04-01,1994,Eastbourne,11.7,5.7,0,86.3,201.3
1994-05-01,1994,Eastbourne,14,8.9,0,90.9,194.8
1994-06-01,1994,Eastbourne,17.8,12.1,0,46.5,276.9
1994-07-01,1994,Eastbourne,22,16,0,63.7,286.3
1994-08-01,1994,Eastbourne,20.6,15.2,0,47.4,212.1
1994-09-01,1994,Eastbourne,17.2,12.3,0,106.2,143.9
1994-10-01,1994,Eastbourne,14.7,9.3,0,120.2,147.3
1994-11-01,1994,Eastbourne,13.5,10.7,0,60.3,47.4
1994-12-01,1994,Eastbourne,10.9,6.1,2,132,64.6
1995-01-01,1995,Eastbourne,8.6,3.5,3,148.1,68.5
1995-02-01,1995,Eastbourne,10.3,6.1,0,107.4,86.6
1995-03-01,1995,Eastbourne,10,3.8,1,63.4,198.5
1995-04-01,1995,Eastbourne,13.1,7.1,0,14.8,187.2
1995-05-01,1995,Eastbourne,16.5,9.4,0,14.9,269.9
1995-06-01,1995,Eastbourne,18.5,11.9,0,25.6,223.5
1995-07-01,1995,Eastbourne,22,15.8,0,32,268.8
1995-08-01,1995,Eastbourne,23.5,16.3,0,0.7,291.4
1995-09-01,1995,Eastbourne,18.3,12.1,0,103.6,183.8
1995-10-01,1995,Eastbourne,17.3,12.2,0,30.3,150.2
1995-11-01,1995,Eastbourne,12.1,7.6,0,28.8,89.5
1995-12-01,1995,Eastbourne,6.6,2.4,6,81.8,50.5
1996-01-01,1996,Eastbourne,7.4,4,7,57.5,45.3
1996-02-01,1996,Eastbourne,6.7,1.5,9,37.9,105.5
1996-03-01,1996,Eastbourne,7.8,2.9,3,43.2,89.3
1996-04-01,1996,Eastbourne,12,6.1,1,18.9,199.2
1996-05-01,1996,Eastbourne,13,7,0,70.3,193
1996-06-01,1996,Eastbourne,18.4,11.7,0,22.5,282.5
1996-07-01,1996,Eastbourne,19.8,13.7,0,29.2,279.3
1996-08-01,1996,Eastbourne,20.4,14.2,0,89.9,256
1996-09-01,1996,Eastbourne,17.7,11.7,0,32,180.9
1996-10-01,1996,Eastbourne,15.5,10.3,0,53.1,138.4
1996-11-01,1996,Eastbourne,10.7,4.6,2,148.8,115.2
1996-12-01,1996,Eastbourne,6.3,2.9,7,38.9,44.8
1997-01-01,1997,Eastbourne,4.7,0.5,14,16.1,57.7
1997-02-01,1997,Eastbourne,9.3,5.1,1,70.3,63.8
1997-03-01,1997,Eastbourne,11.5,6.1,0,16.3,140.7
1997-04-01,1997,Eastbourne,13,5.9,0,12.4,239.1
1997-05-01,1997,Eastbourne,15.7,8.8,0,42.8,275.2
1997-06-01,1997,Eastbourne,18,12.3,0,150.2,179
1997-07-01,1997,Eastbourne,20.3,14.2,0,19.9,286.1
1997-08-01,1997,Eastbourne,22.6,16.8,0,122.4,216.8
1997-09-01,1997,Eastbourne,19.1,12.6,0,2,227.4
1997-10-01,1997,Eastbourne,15.4,9.2,0,106.1,171.7
1997-11-01,1997,Eastbourne,12.7,8.2,0,166.6,58.6
1997-12-01,1997,Eastbourne,9.7,5.4,1,95.8,52.8
1998-01-01,1998,Eastbourne,8.9,4.4,4,106.1,82.3
1998-02-01,1998,Eastbourne,9.9,4.3,3,11.4,110.2
1998-03-01,1998,Eastbourne,11.3,6.9,0,59,90.3
1998-04-01,1998,Eastbourne,12,6.9,0,86,160.8
1998-05-01,1998,Eastbourne,17.8,10.9,0,8.9,272.4
1998-06-01,1998,Eastbourne,17.4,12.8,0,88.6,181.1
1998-07-01,1998,Eastbourne,18.9,14,0,56.5,215.2
1998-08-01,1998,Eastbourne,21,14,0,30,293.4
1998-09-01,1998,Eastbourne,18.8,13.6,0,102.8,180.1
1998-10-01,1998,Eastbourne,14.8,9.6,0,167.3,89.9
1998-11-01,1998,Eastbourne,10,5.1,1,47.6,113.3
1998-12-01,1998,Eastbourne,9.5,4.9,5,95.7,48.3
1999-01-01,1999,Eastbourne,9.5,5.3,2,82.6,83.4
1999-02-01,1999,Eastbourne,8.2,3.6,5,43.8,105
1999-03-01,1999,Eastbourne,10.9,5.3,0,39,144.5
1999-04-01,1999,Eastbourne,12.9,7.4,0,49.8,185.7
1999-05-01,1999,Eastbourne,16.6,10.9,0,25.2,238.5
1999-06-01,1999,Eastbourne,18.3,12.2,0,66.8,258.6
1999-07-01,1999,Eastbourne,22.1,15.4,0,12.4,297.7
1999-08-01,1999,Eastbourne,20.8,14.7,0,84.2,227.8
1999-09-01,1999,Eastbourne,19.8,14.6,0,134.7,162.9
1999-10-01,1999,Eastbourne,15.3,9.6,0,77.7,152.8
1999-11-01,1999,Eastbourne,11.3,6.9,0,31,99.7
1999-12-01,1999,Eastbourne,9.2,4.3,3,172.6,83.2
2000-01-01,2000,Eastbourne,8.3,3.1,7,27,94.4
2000-02-01,2000,Eastbourne,9.7,5,0,67.1,107.9
2000-03-01,2000,Eastbourne,11,4.9,0,24.3,138.3
2000-04-01,2000,Eastbourne,12,5.2,0,92.6,173.5
2000-05-01,2000,Eastbourne,16.3,9.6,0,95.2,228.3
2000-06-01,2000,Eastbourne,18.2,12,0,13.6,196.6
2000-07-01,2000,Eastbourne,19.4,12.8,0,50,193.3
2000-08-01,2000,Eastbourne,21.2,14.3,0,21.7,249.8
2000-09-01,2000,Eastbourne,19.3,13.5,0,120.8,142.5
2000-10-01,2000,Eastbourne,15.2,9.4,0,261.1,98.8
2000-11-01,2000,Eastbourne,11.4,6.4,0,198.2,77.7
2000-12-01,2000,Eastbourne,9.5,5.7,4,90.7,44.8
2001-01-01,2001,Eastbourne,7.6,2.9,6,127.8,97.9
2001-02-01,2001,Eastbourne,8.8,3.1,4,97.3,87
2001-03-01,2001,Eastbourne,9.2,4.3,3,144.5,72.3
2001-04-01,2001,Eastbourne,12,6.1,0,79,163.4
2001-05-01,2001,Eastbourne,16.7,9.7,0,39.5,246.3
2001-06-01,2001,Eastbourne,18.4,12.1,0,9.9,289.1
2001-07-01,2001,Eastbourne,21.2,14.8,0,72.6,279.5
2001-08-01,2001,Eastbourne,21.1,15.2,0,63.8,225.6
2001-09-01,2001,Eastbourne,18.2,11.6,0,70.8,161.8
2001-10-01,2001,Eastbourne,17.4,12.9,0,129.8,124.3
2001-11-01,2001,Eastbourne,11.9,5.6,0,58.7,111.5
2001-12-01,2001,Eastbourne,8,2.8,6,31.8,94.1
2002-01-01,2002,Eastbourne,9.3,5,2,88.3,60.7
2002-02-01,2002,Eastbourne,10.9,5.8,0,109.4,100.9
2002-03-01,2002,Eastbourne,11.5,6,0,40.6,144.3
2002-04-01,2002,Eastbourne,13.6,6.8,0,23.2,222.6
2002-05-01,2002,Eastbourne,15.6,10.2,0,77.3,239.4
2002-06-01,2002,Eastbourne,17.9,12.5,0,66,220.9
2002-07-01,2002,Eastbourne,20.1,14.3,0,106.3,233.7
2002-08-01,2002,Eastbourne,21.6,15.1,0,33.7,224.8
2002-09-01,2002,Eastbourne,19.7,12.7,0,70.6,205.5
2002-10-01,2002,Eastbourne,15.5,9.3,0,65,106.4
2002-11-01,2002,Eastbourne,13.2,9,0,165.9,77
2002-12-01,2002,Eastbourne,9.5,6.2,0,171.7,32.2
2003-01-01,2003,Eastbourne,8,3.4,10,67.4,106.1
2003-02-01,2003,Eastbourne,7.4,2.6,5,29.4,103.1
2003-03-01,2003,Eastbourne,11.3,5.7,0,30.4,164.2
2003-04-01,2003,Eastbourne,13.4,6.7,0,27.2,208
2003-05-01,2003,Eastbourne,15.9,10.2,0,50.2,234.8
2003-06-01,2003,Eastbourne,19.8,13.8,0,41.6,256
2003-07-01,2003,Eastbourne,21.2,15.6,0,59.6,286.9
2003-08-01,2003,Eastbourne,22.9,16,0,28.5,276.2
2003-09-01,2003,Eastbourne,19.9,11.6,0,15.8,237.3
2003-10-01,2003,Eastbourne,14.4,8,0,60.7,148.4
2003-11-01,2003,Eastbourne,12.7,7.9,0,141.1,76.8
2003-12-01,2003,Eastbourne,9.5,4.9,2,86.4,63.7
2004-01-01,2004,Eastbourne,9,4.8,4,105.8,72.2
2004-02-01,2004,Eastbourne,8.8,4.2,5,22.7,88
2004-03-01,2004,Eastbourne,10.1,4.7,2,28.6,130.2
2004-04-01,2004,Eastbourne,13.1,6.8,0,70.4,198.8
2004-05-01,2004,Eastbourne,16.1,9.8,0,40.4,254.4
2004-06-01,2004,Eastbourne,19.7,13.1,0,26.1,268.8
2004-07-01,2004,Eastbourne,19.8,14.3,0,37.2,235.3
2004-08-01,2004,Eastbourne,21.4,16,0,89,230.2
2004-09-01,2004,Eastbourne,19.6,13.1,0,33.2,184
2004-10-01,2004,Eastbourne,15.6,10.3,0,123.1,125.9
2004-11-01,2004,Eastbourne,11.5,7.3,0,31.2,68.5
2004-12-01,2004,Eastbourne,9.4,4,4,74.9,60
2005-01-01,2005,Eastbourne,9.4,5.5,0,30.9,88.5
2005-02-01,2005,Eastbourne,7.3,3.1,5,25.7,96.2
2005-03-01,2005,Eastbourne,9.7,4.4,4,63.1,103.5
2005-04-01,2005,Eastbourne,12.7,6.9,0,49.1,181
2005-05-01,2005,Eastbourne,16.1,9,0,29.4,241.3
2005-06-01,2005,Eastbourne,19.8,13,0,27.3,270.9
2005-07-01,2005,Eastbourne,21,15.1,0,63.2,236.1
2005-08-01,2005,Eastbourne,21.4,14.2,0,42.8,284.8
2005-09-01,2005,Eastbourne,20.1,13.5,0,46.1,181.9
2005-10-01,2005,Eastbourne,17.5,12.7,0,98,129.8
2005-11-01,2005,Eastbourne,10.9,5.7,1,42.2,111.7
2005-12-01,2005,Eastbourne,8.6,3.3,4,95.8,97.6
2006-01-01,2006,Eastbourne,7.5,3.9,4,27,48.8
2006-02-01,2006,Eastbourne,7,3.3,0,82.4,63.8
2006-03-01,2006,Eastbourne,8.4,3.5,4,46,121
2006-04-01,2006,Eastbourne,12.4,6.8,0,29,180.5
2006-05-01,2006,Eastbourne,15.6,10.1,0,64.3,200.6
2006-06-01,2006,Eastbourne,19.6,12.8,0,17.4,321.3
2006-07-01,2006,Eastbourne,23.9,17,0,24.4,335.3
2006-08-01,2006,Eastbourne,20.9,14.8,0,118.2,213.6
2006-09-01,2006,Eastbourne,21,15.7,0,60,189.2
2006-10-01,2006,Eastbourne,17.6,12.7,0,109.2,99.7
2006-11-01,2006,Eastbourne,13.9,7.2,0,51,106.4
2006-12-01,2006,Eastbourne,10.4,5.9,0,109.3,47.3
2007-01-01,2007,Eastbourne,10.3,6.3,3,74.2,72.3
2007-02-01,2007,Eastbourne,10.2,5.4,0,111.1,77.1
2007-03-01,2007,Eastbourne,11.7,5.2,1,47.2,177
2007-04-01,2007,Eastbourne,17.1,8.5,0,1.6,273.8
2007-05-01,2007,Eastbourne,16.6,10.6,0,98.5,189.2
2007-06-01,2007,Eastbourne,19.5,13.1,0,68.9,198.8
2007-07-01,2007,Eastbourne,19.8,13.9,0,98.4,253.9
2007-08-01,2007,Eastbourne,20.8,13.8,0,27.6,231
2007-09-01,2007,Eastbourne,19.2,11.8,0,17.7,179.2
2007-10-01,2007,Eastbourne,15.9,8.7,0,45.9,114.4
2007-11-01,2007,Eastbourne,12.1,6,2,68.4,91.6
2007-12-01,2007,Eastbourne,9.7,4.3,9,70.4,73.7
2008-01-01,2008,Eastbourne,10.4,6.1,0,91.9,52.3
2008-02-01,2008,Eastbourne,10.3,3,4,11.6,143.9
2008-03-01,2008,Eastbourne,10.5,4.7,1,75.5,111.1
2008-04-01,2008,Eastbourne,13.6,6.2,2,47.1,191.8
2008-05-01,2008,Eastbourne,18.9,11.3,0,90.4,244
2008-06-01,2008,Eastbourne,19.4,12.9,0,21.7,251.8
2008-07-01,2008,Eastbourne,20.9,14.5,0,40.3,237.2
2008-08-01,2008,Eastbourne,20,15.4,0,81.4,154.2
2008-09-01,2008,Eastbourne,18.3,12,0,65.6,162
2008-10-01,2008,Eastbourne,15,8.2,0,69.7,145.7
2008-11-01,2008,Eastbourne,11.8,6.8,0,130.1,45.7
2008-12-01,2008,Eastbourne,7.9,2.8,7,30.1,91.3
2009-01-01,2009,Eastbourne,6.7,1.7,10,95.3,68.1
2009-02-01,2009,Eastbourne,8.7,3.2,4,63.9,74.1
2009-03-01,2009,Eastbourne,11.4,4.1,0,36.7,200.4
2009-04-01,2009,Eastbourne,14.4,7.9,0,36.5,202.1
2009-05-01,2009,Eastbourne,17.1,10.1,0,43.5,245.6
2009-06-01,2009,Eastbourne,19.8,12.4,0,37.8,268.9
2009-07-01,2009,Eastbourne,20.6,14.8,0,62.1,275.8
2009-08-01,2009,Eastbourne,21.9,15,0,22,228.8
2009-09-01,2009,Eastbourne,19.9,13.2,0,19.6,179.8
2009-10-01,2009,Eastbourne,16.2,10.9,0,91.2,117.3
2009-11-01,2009,Eastbourne,13.3,9.2,0,235.2,69.7
2009-12-01,2009,Eastbourne,8.5,2.7,9,118.6,85.3
2010-01-01,2010,Eastbourne,5.3,0.8,12,73.3,72.2
2010-02-01,2010,Eastbourne,7.1,1.8,12,119,79.8
2010-03-01,2010,Eastbourne,9.8,4.1,3,58,131.8
2010-04-01,2010,Eastbourne,13.7,5.8,0,27.1,266.1
2010-05-01,2010,Eastbourne,15,7.5,0,24.5,237.3
2010-06-01,2010,Eastbourne,20.2,12.5,0,46.4,301.5
2010-07-01,2010,Eastbourne,22,15.4,0,23.8,253.9
2010-08-01,2010,Eastbourne,20.6,14.2,0,89,179.2
2010-09-01,2010,Eastbourne,18.7,11.5,0,34.1,149.9
2010-10-01,2010,Eastbourne,15.5,9.3,0,79.3,109.6
2010-11-01,2010,Eastbourne,10.1,5,5,80.6,73.8
2010-12-01,2010,Eastbourne,4.8,-0.5,16,61.5,52.9
2011-01-01,2011,Eastbourne,7.8,3.6,2,86.3,69.5
2011-02-01,2011,Eastbourne,9.3,5.1,0,58.2,45.4
2011-03-01,2011,Eastbourne,10.6,3.9,1,22,148.1
2011-04-01,2011,Eastbourne,17.3,9.1,0,10.5,274.9
2011-05-01,2011,Eastbourne,16.7,10.4,0,10.5,267.7
2011-06-01,2011,Eastbourne,19,12.1,0,38.2,237.8
2011-07-01,2011,Eastbourne,20.1,13.4,0,45.5,255.8
2011-08-01,2011,Eastbourne,20.2,14.9,0,79.2,201.9
2011-09-01,2011,Eastbourne,19.7,13.2,0,31.9,182.5
2011-10-01,2011,Eastbourne,16.8,10.7,0,16.2,146.4
2011-11-01,2011,Eastbourne,13.9,9.8,0,37.2,63.4
2011-12-01,2011,Eastbourne,10.7,5,1,193.6,65.6
2012-01-01,2012,Eastbourne,9.8,5,0,45.6,89.8
2012-02-01,2012,Eastbourne,7.3,1.4,13,21.8,109.2
2012-03-01,2012,Eastbourne,12.6,5.5,0,32.9,180.6
2012-04-01,2012,Eastbourne,12.3,5.3,0,85,209.6
2012-05-01,2012,Eastbourne,16.8,10,0,37.5,227.1
2012-06-01,2012,Eastbourne,17.7,12.3,0,88.8,193.1
2012-07-01,2012,Eastbourne,19.8,13.7,0,81.4,229.1
2012-08-01,2012,Eastbourne,21.4,15.2,0,44.7,227.3
2012-09-01,2012,Eastbourne,18.8,11.2,0,93.7,195.4
2012-10-01,2012,Eastbourne,14.8,9.2,0,150.2,92.6
2012-11-01,2012,Eastbourne,11.4,6.2,0,92,95
2012-12-01,2012,Eastbourne,9.6,4.3,5,178.7,79.1
2013-01-01,2013,Eastbourne,7.3,3.1,9,76.4,49.1
2013-02-01,2013,Eastbourne,6.4,2.3,2,31.6,75.6
2013-03-01,2013,Eastbourne,6.8,2.5,5,55.8,64.1
2013-04-01,2013,Eastbourne,11.3,4.9,2,57.4,159.1
2013-05-01,2013,Eastbourne,15.1,7.8,0,54.4,199
2013-06-01,2013,Eastbourne,18.1,11.7,0,13.8,204.3
2013-07-01,2013,Eastbourne,22.5,14.9,0,35.3,258.2
2013-08-01,2013,Eastbourne,22,14.9,0,32.9,269.6
2013-09-01,2013,Eastbourne,19,11.9,0,48,143.3
2013-10-01,2013,Eastbourne,16.7,11,0,170.8,101.9
2013-11-01,2013,Eastbourne,11.1,5.6,0,116.3,80.9
2013-12-01,2013,Eastbourne,10.8,4.8,0,145,58.6
2014-01-01,2014,Eastbourne,10.4,5,0,162.8,61.6
2014-02-01,2014,Eastbourne,10.5,5.2,0,123.7,102.8
2014-03-01,2014,Eastbourne,12.5,4.7,0,47.8,188.9
2014-04-01,2014,Eastbourne,14.7,7.1,0,44.4,196.4
2014-05-01,2014,Eastbourne,15.4,9.8,0,59.6,236.3
2014-06-01,2014,Eastbourne,20.2,12.5,0,10.3,214.4
2014-07-01,2014,Eastbourne,22.3,15.2,0,63.3,235.9
2014-08-01,2014,Eastbourne,20.5,13.7,0,100.3,237.1
2014-09-01,2014,Eastbourne,20.6,13.1,0,9.8,185.4
2014-10-01,2014,Eastbourne,17.6,11.2,0,155.1,119.6
2014-11-01,2014,Eastbourne,13.1,8.9,0,157.3,56.1
2014-12-01,2014,Eastbourne,9.5,3.9,3,58.1,73.3
2015-01-01,2015,Eastbourne,9.1,3.5,6,128.7,70.3
2015-02-01,2015,Eastbourne,8.6,2.2,5,65.3,97.5
2015-03-01,2015,Eastbourne,10.8,5.1,0,25.4,142
2015-04-01,2015,Eastbourne,14.4,6,0,8,243
2015-05-01,2015,Eastbourne,15.3,9.3,0,71,206.4
2015-06-01,2015,Eastbourne,19.6,11.5,0,20.5,230.1
2015-07-01,2015,Eastbourne,20.5,14.2,0,62.3,212.6
2015-08-01,2015,Eastbourne,21,14.7,0,147.6,181.2
2015-09-01,2015,Eastbourne,18.2,10.3,0,102.6,196.1
2015-10-01,2015,Eastbourne,15.5,9.4,0,38.1,117.2
2015-11-01,2015,Eastbourne,13.8,9.1,1,101.8,33.9
2015-12-01,2015,Eastbourne,13.5,9.9,0,85.6,27.1
2016-01-01,2016,Eastbourne,9.9,4.5,3,167.8,68
2016-02-01,2016,Eastbourne,9.8,3.9,3,53.7,75.2
2016-03-01,2016,Eastbourne,10.6,3.9,1,45.1,144.8
2016-04-01,2016,Eastbourne,12.7,5.8,0,26.1,192.8
2016-05-01,2016,Eastbourne,17,10,0,44.2,224.2
2016-06-01,2016,Eastbourne,19.1,12.9,0,75.2,144.7
2016-07-01,2016,Eastbourne,21.2,14.9,0,5,248.8
2016-08-01,2016,Eastbourne,21.9,14.7,0,21.8,235.6
2016-09-01,2016,Eastbourne,21.3,14.2,0,21.6,139.4
2016-10-01,2016,Eastbourne,16.2,9.1,0,32.7,116.8
2016-11-01,2016,Eastbourne,11.9,4.9,1,69.5,69.7
2016-12-01,2016,Eastbourne,10.9,5.1,1,12.3,60.7
1990-01-01,1990,Nairn,7.9,1.8,7,60.8,48
1990-02-01,1990,Nairn,8,2.4,2,99.1,79.6
1990-03-01,1990,Nairn,10.4,4,1,88.1,104.5
1990-04-01,1990,Nairn,10.9,3.7,3,27.6,178.1
1990-05-01,1990,Nairn,14.1,6.2,0,36.4,184.9
1990-06-01,1990,Nairn,15.5,9,0,138.2,104
1990-07-01,1990,Nairn,18.3,10.7,0,23,238.8
1990-08-01,1990,Nairn,18.8,11.6,0,72.7,124.7
1990-09-01,1990,Nairn,14.5,8.3,0,72.6,90.6
1990-10-01,1990,Nairn,13,6.7,1,67.2,97.9
1990-11-01,1990,Nairn,7.6,3,5,54.3,34.1
1990-12-01,1990,Nairn,7.1,1.6,6,54.6,22.9
1991-01-01,1991,Nairn,5.8,-0.1,14,31.7,71.4
1991-02-01,1991,Nairn,5.4,-1,15,27.9,68.9
1991-03-01,1991,Nairn,9.6,2.5,7,44.4,78.3
1991-04-01,1991,Nairn,11.3,4.3,1,15.8,163.3
1991-05-01,1991,Nairn,13,7.3,0,37.1,159
1991-06-01,1991,Nairn,13.7,8,0,82.3,141.5
1991-07-01,1991,Nairn,17.9,12.3,0,48.2,123.4
1991-08-01,1991,Nairn,19.7,11.5,0,36,163.6
1991-09-01,1991,Nairn,15.9,8.3,0,53.4,143.4
1991-10-01,1991,Nairn,11.7,5.8,0,32.2,74.9
1991-11-01,1991,Nairn,9.1,3.2,2,52.9,47.3
1991-12-01,1991,Nairn,8.2,1,9,39.9,26.2
1992-01-01,1992,Nairn,7.7,0.3,16,60.9,50.6
1992-02-01,1992,Nairn,8.9,1.2,10,25.3,63
1992-03-01,1992,Nairn,8.8,2.4,6,70.3,58.2
1992-04-01,1992,Nairn,11,3.6,1,32.4,91.8
1992-05-01,1992,Nairn,16.1,6.8,0,31.1,226.1
1992-06-01,1992,Nairn,17.7,9.9,0,29.2,165.6
1992-07-01,1992,Nairn,17.7,10.3,0,19.6,109.4
1992-08-01,1992,Nairn,17,9.1,0,91.3,147.1
1992-09-01,1992,Nairn,14.8,8.2,0,80.6,107.3
1992-10-01,1992,Nairn,9.9,3.6,3,49.8,73
1992-11-01,1992,Nairn,8.5,2.2,6,62.8,65.1
1992-12-01,1992,Nairn,5.5,0.1,15,57,39.4
1993-01-01,1993,Nairn,6.9,1.3,6,90.5,34.1
1993-02-01,1993,Nairn,9,4.2,3,16.3,51.3
1993-03-01,1993,Nairn,9.9,2.5,7,21,119
1993-04-01,1993,Nairn,10.9,4.1,0,29.8,102.6
1993-05-01,1993,Nairn,11,5.6,0,69.9,108.3
1993-06-01,1993,Nairn,15,9.4,0,52.3,109.4
1993-07-01,1993,Nairn,16.7,9.8,0,55.9,123.2
1993-08-01,1993,Nairn,16.5,9.5,0,33.5,103.6
1993-09-01,1993,Nairn,14.3,7.4,2,34.4,113.1
1993-10-01,1993,Nairn,10,4.3,2,110.9,58.4
1993-11-01,1993,Nairn,7.5,0.4,13,14.3,70
1993-12-01,1993,Nairn,5.1,-0.7,20,87.2,32.3
1994-01-01,1994,Nairn,6.1,0.3,11,68.3,27.7
1994-02-01,1994,Nairn,5.5,-1.2,16,42.8,80.6
1994-03-01,1994,Nairn,8.1,1.4,5,95.8,113.7
1994-04-01,1994,Nairn,10.6,3.2,2,61.6,130.3
1994-05-01,1994,Nairn,13.1,4.6,0,25.6,244.8
1994-06-01,1994,Nairn,17.1,8.8,0,43.9,188
1994-07-01,1994,Nairn,19.5,10.8,0,37.4,166.2
1994-08-01,1994,Nairn,17.5,9.9,0,49,141.7
1994-09-01,1994,Nairn,15.1,7.5,0,46.8,126.7
1994-10-01,1994,Nairn,11.9,4.7,2,73.3,71.5
1994-11-01,1994,Nairn,11.4,5.3,3,58.1,49.7
1994-12-01,1994,Nairn,8.1,1.6,8,60.9,50.1
1995-01-01,1995,Nairn,6.1,0.3,10,88.6,38.1
1995-02-01,1995,Nairn,6.9,0.7,8,54.7,70.3
1995-03-01,1995,Nairn,7.5,1.1,11,29.8,114.4
1995-04-01,1995,Nairn,10.3,4.1,1,29.2,106.5
1995-05-01,1995,Nairn,14.1,6.4,2,36.1,185.1
1995-06-01,1995,Nairn,15.7,8.9,0,24,194.6
1995-07-01,1995,Nairn,20,11.5,0,23.7,217.5
1995-08-01,1995,Nairn,20.1,11.7,0,15.4,224.1
1995-09-01,1995,Nairn,14.9,9.3,0,222.4,85.2
1995-10-01,1995,Nairn,14.8,7.6,1,49.9,109
1995-11-01,1995,Nairn,10,3.9,3,38.9,51.8
1995-12-01,1995,Nairn,4.2,-1.8,15,21.3,43.2
1996-01-01,1996,Nairn,7.2,2.4,7,6.8,49.4
1996-02-01,1996,Nairn,5.7,-0.1,11,35.1,72.5
1996-03-01,1996,Nairn,7,2.3,3,15.5,65.2
1996-04-01,1996,Nairn,12.2,4.8,2,41.7,127.6
1996-05-01,1996,Nairn,11.6,4.8,1,45.2,187.8
1996-10-01,1996,Nairn,14.2,7.1,0,82.5,82.1
1996-11-01,1996,Nairn,7.5,1.3,10,58.1,63.8
1996-12-01,1996,Nairn,5.6,-0.3,15,23.4,17.2
1997-01-01,1997,Nairn,6.4,0.1,17,36.2,57.6
1997-02-01,1997,Nairn,8.6,1.8,4,80,68.2
1997-03-01,1997,Nairn,11.4,4.3,1,60.3,100
1997-04-01,1997,Nairn,12.3,3.9,5,21.5,102
1997-05-01,1997,Nairn,13.1,5.9,1,115.7,157.7
1997-06-01,1997,Nairn,15.3,8.7,0,142.6,132.3
1997-07-01,1997,Nairn,19.2,11,0,79.8,140.7
1997-08-01,1997,Nairn,21,11.8,0,43.3,195.7
1997-09-01,1997,Nairn,16.3,8.1,1,33,135.7
1997-10-01,1997,Nairn,13.5,5.3,2,16,104
1997-11-01,1997,Nairn,10.8,5.4,1,40.3,46.9
1997-12-01,1997,Nairn,8,2.4,6,47,24.1
1998-01-01,1998,Nairn,7.7,0.8,11,66.7,47.7
1998-02-01,1998,Nairn,11.2,4.9,1,46,47.1
1998-03-01,1998,Nairn,10.4,2.4,8,41.9,77.5
1998-04-01,1998,Nairn,10,2.1,7,75.1,125.8
1998-05-01,1998,Nairn,14.8,6.8,0,32.7,162.9
1998-09-01,1998,Nairn,17.1,7.8,0,36.4,122.5
1998-10-01,1998,Nairn,11.2,4.6,2,93,104.8
1998-11-01,1998,Nairn,8.7,1.4,9,86.8,54.1
1998-12-01,1998,Nairn,8.9,1.7,6,36,35.3
1999-01-01,1999,Nairn,6.7,1.3,8,50.7,48.3
1999-02-01,1999,Nairn,7.3,0.6,10,42.4,73.6
1999-03-01,1999,Nairn,9.7,2.8,6,20.7,116.4
1999-04-01,1999,Nairn,12.2,4.3,3,48.6,138.5
1999-05-01,1999,Nairn,14.8,6.2,0,79.8,174.7
1999-06-01,1999,Nairn,15.8,8.4,0,77,112.8
1999-07-01,1999,Nairn,19.1,10.5,0,52.4,163.6
1999-08-01,1999,Nairn,18.6,9.1,0,22.3,149.9
1999-09-01,1999,Nairn,17.9,9.3,0,69.8,120.9
1999-10-01,1999,Nairn,13.4,6.1,0,22.4,72.4
1999-11-01,1999,Nairn,10.6,4,3,74.8,43.2
1999-12-01,1999,Nairn,5.9,0.2,11,88.5,45.5
2000-01-01,2000,Nairn,8.1,2.2,3,54.7,51.1
2000-02-01,2000,Nairn,8.1,1.9,7,57.3,75.1
2000-03-01,2000,Nairn,10.7,3.4,6,34.7,95.8
2000-04-01,2000,Nairn,10.1,2.8,5,138.3,123
2000-06-01,2000,Nairn,16.2,7.7,0,30.7,162.5
2000-07-01,2000,Nairn,16.9,9.7,0,10.4,136
2000-08-01,2000,Nairn,18.7,10.2,0,57.4,138.5
2000-09-01,2000,Nairn,16.6,8.8,0,58.6,111.6
2000-10-01,2000,Nairn,13.3,5.8,0,72.5,100.6
2000-11-01,2000,Nairn,8.7,2,6,80.1,68
2000-12-01,2000,Nairn,7.1,1.3,12,76.6,50.3
2001-01-01,2001,Nairn,5.1,-1.5,21,8.6,64.6
2001-02-01,2001,Nairn,6.2,0.5,15,45.3,76
2001-03-01,2001,Nairn,7.6,-0.3,14,36.4,118.8
2001-04-01,2001,Nairn,10.7,3.3,1,22,144.9
2001-05-01,2001,Nairn,15.8,6,2,35.8,224
2001-06-01,2001,Nairn,15.8,8,0,47,143.2
2001-07-01,2001,Nairn,17.5,10.6,0,62.2,93.6
2001-08-01,2001,Nairn,18.2,10.3,0,71.3,114
2001-09-01,2001,Nairn,14.7,8.6,0,41.7,68.2
2001-10-01,2001,Nairn,15,8.4,0,95.5,66
2001-11-01,2001,Nairn,10.5,3.8,0,68.5,40.1
2001-12-01,2001,Nairn,7,0.1,19,57.6,33.8
2002-01-01,2002,Nairn,8.7,1.9,7,54.8,44.4
2002-02-01,2002,Nairn,7.3,1.5,6,107.7,58.9
2002-03-01,2002,Nairn,9.9,2.6,3,51.5,112.9
2002-04-01,2002,Nairn,13.1,3.8,5,40.1,169
2002-05-01,2002,Nairn,15.1,6.1,1,40.7,195
2002-06-01,2002,Nairn,17.8,9.1,0,49.2,145.7
2002-07-01,2002,Nairn,17.5,10.4,0,131.7,115.1
2002-08-01,2002,Nairn,18.4,11.5,0,45.1,136.7
2002-09-01,2002,Nairn,16.6,9,0,39.5,101
2002-10-01,2002,Nairn,11.5,4.4,5,101.9,79.2
2002-11-01,2002,Nairn,10.2,3.8,5,67.1,55.2
2002-12-01,2002,Nairn,6.9,1.5,9,11.4,28.2
2003-01-01,2003,Nairn,7,0.7,16,50.3,50.2
2003-02-01,2003,Nairn,8.4,-0.9,20,20.3,131.9
2003-03-01,2003,Nairn,11.6,2,8,33.7,162.9
2003-04-01,2003,Nairn,13.5,4.4,2,65.2,152.9
2003-05-01,2003,Nairn,14.8,6.3,1,43.9,172.3
2003-06-01,2003,Nairn,19,10.3,0,31.8,184
2003-07-01,2003,Nairn,20.8,11.8,0,29.8,159
2003-08-01,2003,Nairn,20.2,11.2,0,22.2,189.3
2003-09-01,2003,Nairn,17.4,8,0,33.5,135.7
2003-10-01,2003,Nairn,11.8,3.7,4,57.9,97.8
2003-11-01,2003,Nairn,11.2,3.5,6,29.7,79.9
2003-12-01,2003,Nairn,7.5,0.6,14,53.6,34.5
2004-01-01,2004,Nairn,7,1.4,9,93.6,43.2
2004-02-01,2004,Nairn,7.3,0.6,14,36.7,81.7
2004-03-01,2004,Nairn,9.9,2.2,5,25.2,115.4
2004-04-01,2004,Nairn,12.5,5.3,1,51.3,90.9
2004-05-01,2004,Nairn,15.4,6.2,0,24.7,200.3
2004-06-01,2004,Nairn,17.1,9.5,0,89.4,129.3
2004-07-01,2004,Nairn,17.7,10.2,0,45.1,138.5
2004-08-01,2004,Nairn,19.1,11.6,0,122.2,152.5
2004-09-01,2004,Nairn,16.6,8.8,0,70.1,147.4
2004-10-01,2004,Nairn,11.5,5.3,2,99.2,51.8
2004-11-01,2004,Nairn,10.4,3.7,5,59.3,55.5
2004-12-01,2004,Nairn,9.3,1.9,10,64,42.1
2005-01-01,2005,Nairn,8.3,2.4,7,80.6,32.5
2005-02-01,2005,Nairn,6.7,1.4,9,56.4,53.7
2005-03-01,2005,Nairn,9.5,3.8,3,36.9,72.4
2005-04-01,2005,Nairn,12,3.1,5,19.8,181
2005-05-01,2005,Nairn,13.6,5.2,1,66.3,178
2005-06-01,2005,Nairn,17.5,9.5,0,65.1,154.1
2005-07-01,2005,Nairn,18.7,10.6,0,20.1,140.5
2005-08-01,2005,Nairn,18.5,10.6,0,77.5,148.9
2005-09-01,2005,Nairn,17.4,9.6,0,27.6,116.5
2005-10-01,2005,Nairn,15,7.3,0,103.6,89.1
2005-11-01,2005,Nairn,9.3,2.5,6,50.7,59.1
2005-12-01,2005,Nairn,7.6,1.5,10,29.4,25.9
2006-01-01,2006,Nairn,7.5,1.1,7,11.4,42.7
2006-03-01,2006,Nairn,6.4,0.4,11,58.3,60
2006-04-01,2006,Nairn,10.9,3,2,19.5,168.5
2006-05-01,2006,Nairn,14.9,5.4,1,65,183.7
2006-07-01,2006,Nairn,22,12.2,0,47.7,205.5
2006-08-01,2006,Nairn,18,11.1,0,73.5,117
2006-10-01,2006,Nairn,14.6,6.9,0,138.6,77.3
2006-11-01,2006,Nairn,10.1,4.1,2,91.3,70.7
2006-12-01,2006,Nairn,8.4,2.3,7,67.6,63.6
2007-01-01,2007,Nairn,8.7,2.9,3,47.7,40.7
2007-02-01,2007,Nairn,8.2,1.8,8,40.1,61.8
2007-03-01,2007,Nairn,10.4,2.6,6,26.9,138.2
2007-04-01,2007,Nairn,15.5,5.8,2,11.4,187.9
2007-05-01,2007,Nairn,13.9,5.6,0,107.1,185.4
2007-06-01,2007,Nairn,15.6,9.1,0,96.8,126.9
2007-07-01,2007,Nairn,17.3,10.2,0,112.5,96.7
2007-08-01,2007,Nairn,17.5,9.9,0,80,113.3
2007-09-01,2007,Nairn,15.5,7.9,0,21.9,92.6
2007-10-01,2007,Nairn,15,6.8,0,29.6,100.7
2007-11-01,2007,Nairn,9.9,3.9,2,89.4,29.1
2008-03-01,2008,Nairn,8.2,1.6,6,41.6,106.8
2008-04-01,2008,Nairn,10.9,2.3,6,57.5,139.8
2008-05-01,2008,Nairn,16,6.3,0,21.2,205.1
2008-06-01,2008,Nairn,16.5,8.7,0,49,134
2008-07-01,2008,Nairn,19.3,11.3,0,80.7,158.4
2008-08-01,2008,Nairn,18.5,11,0,88.7,106.4
2008-09-01,2008,Nairn,16.3,8.9,0,43.3,97.3
2008-10-01,2008,Nairn,11.9,5,1,84.1,83.4
2008-11-01,2008,Nairn,9.3,2.6,8,36.9,44.5
2008-12-01,2008,Nairn,6.2,-0.3,13,47.1,29.7
2009-01-01,2009,Nairn,7.1,0.5,11,21.8,67
2009-02-01,2009,Nairn,6.9,0.9,11,53.5,56.7
2009-03-01,2009,Nairn,10,2.7,5,63.1,109.6
2009-04-01,2009,Nairn,13.7,4.6,1,17.8,157.5
2009-05-01,2009,Nairn,15.6,5.2,0,47.4,245.9
2009-06-01,2009,Nairn,17.6,9,0,41.9,208.8
2009-07-01,2009,Nairn,19.8,10.7,0,121.9,174
2009-08-01,2009,Nairn,18.9,11.3,0,53.7,154.6
2009-09-01,2009,Nairn,16.9,9.8,0,104.7,120.4
2009-10-01,2009,Nairn,13.5,6.4,1,68.2,72.4
2009-11-01,2009,Nairn,9.5,2.6,6,74.6,69.1
2009-12-01,2009,Nairn,4.7,-2.8,22,107.5,31.5
2010-01-01,2010,Nairn,4.4,-1.3,16,32.3,34.5
2010-02-01,2010,Nairn,4.9,-1.4,15,53.7,69.6
2010-03-01,2010,Nairn,9.1,1.5,10,37.5,112.9
2010-04-01,2010,Nairn,11.9,4.2,2,43,155.9
2010-05-01,2010,Nairn,13.9,5.5,0,42.4,195.2
2010-06-01,2010,Nairn,18,9.6,0,34.6,135
2010-07-01,2010,Nairn,18.6,10.6,0,101.8,141.8
2010-08-01,2010,Nairn,17.8,10.2,0,66.7,139.1
2010-09-01,2010,Nairn,16,8.4,0,109.8,104.6
2010-10-01,2010,Nairn,12.6,5.7,1,38.6,104.8
2010-11-01,2010,Nairn,7,0.6,7,60.4,52.6
2010-12-01,2010,Nairn,3.3,-3.7,23,17.8,35
2011-01-01,2011,Nairn,6.2,1,10,27.5,65.8
2011-02-01,2011,Nairn,8.4,1.5,6,44.4,75.4
2011-03-01,2011,Nairn,9.7,2.7,5,76.6,88.8
2011-04-01,2011,Nairn,15.6,5.8,0,29.6,171.8
2011-05-01,2011,Nairn,15.6,6.1,1,60.9,204.6
2011-06-01,2011,Nairn,16.5,7.2,0,66.8,169.1
2011-07-01,2011,Nairn,18.1,9.9,0,54.5,139
2011-08-01,2011,Nairn,17.3,9.9,0,112.2,111.2
2011-09-01,2011,Nairn,17.4,9.7,0,72.5,116.7
2011-10-01,2011,Nairn,14.5,8.4,0,47.3,83
2011-11-01,2011,Nairn,12.6,3.7,4,40.8,83.7
2011-12-01,2011,Nairn,7,0.3,13,101,36.8
2012-01-01,2012,Nairn,6.9,1,10,68.5,73.6
2012-02-01,2012,Nairn,9.3,2.1,8,22.1,78.3
2012-03-01,2012,Nairn,13,4.2,4,5.2,159.7
2012-04-01,2012,Nairn,9.2,2.3,6,102.5,100
2012-05-01,2012,Nairn,13.8,4.6,1,41.3,194.3
2012-06-01,2012,Nairn,15,8,0,54.9,100.5
2012-07-01,2012,Nairn,17,9.9,0,72.5,92.6
2012-08-01,2012,Nairn,19.1,10.1,0,56.2,150.4
2012-09-01,2012,Nairn,14.8,8,0,67.2,124.3
2012-10-01,2012,Nairn,10.7,3.1,5,61,84.3
2012-11-01,2012,Nairn,8.9,1.9,8,18,58
2012-12-01,2012,Nairn,6.2,0,14,48.1,35.5
2013-01-01,2013,Nairn,6.1,1,10,36.3,42.5
2013-02-01,2013,Nairn,7.1,-0.5,14,30,90.3
2013-03-01,2013,Nairn,6,-1.3,19,20.4,102.7
2013-04-01,2013,Nairn,10.5,0.1,14,28.8,164.9
2013-05-01,2013,Nairn,14.1,3.3,5,54.3,155
2013-06-01,2013,Nairn,17.3,6.7,0,50.5,146.9
2013-07-01,2013,Nairn,21.8,11.7,0,26.6,237.4
2013-08-01,2013,Nairn,19.9,11.5,0,39.9,146.7
2013-09-01,2013,Nairn,17,8.9,0,35.5,131.2
2013-10-01,2013,Nairn,13.6,6.9,1,47.1,80.9
2013-11-01,2013,Nairn,8.7,1.9,8,53.3,76.2
2013-12-01,2013,Nairn,9.3,3.4,4,73.8,22.6
2014-01-01,2014,Nairn,7,1.7,13,19.4,51.7
2014-02-01,2014,Nairn,8.4,2.1,6,30.3,76
2014-03-01,2014,Nairn,11.1,3.2,4,26.3,130.7
2014-04-01,2014,Nairn,13.6,5.3,2,34.8,116.1
2014-05-01,2014,Nairn,14.9,6.7,1,47.7,120.9
2014-06-01,2014,Nairn,18.2,10.4,0,94.7,128.3
2014-07-01,2014,Nairn,20.9,10.9,0,35.2,204.6
2014-08-01,2014,Nairn,18.1,9.2,0,175.4,139.3
2014-09-01,2014,Nairn,17.8,10.2,0,22.3,98.3
2014-10-01,2014,Nairn,14.2,7.2,0,108.5,72.3
2014-11-01,2014,Nairn,10.8,3.9,6,44,51.4
2014-12-01,2014,Nairn,7.4,0.8,7,114.6,53.6
2015-01-01,2015,Nairn,6.5,0.8,12,101.7,62.1
2015-02-01,2015,Nairn,7.5,0.9,9,20.3,87.6
2015-03-01,2015,Nairn,9.7,2.1,6,36.8,158.7
2015-04-01,2015,Nairn,12.6,3.3,1,37.1,206.6
2015-05-01,2015,Nairn,12.5,4.8,3,57.5,187.2
2015-06-01,2015,Nairn,15.9,7.9,0,51.9,140.8
2015-07-01,2015,Nairn,17.7,10.1,0,106.3,154
2015-08-01,2015,Nairn,18.6,10.6,0,71.9,158.4
2015-09-01,2015,Nairn,16.3,8,0,38.8,149.5
2015-10-01,2015,Nairn,14.4,5.4,1,44.4,135.7
2015-11-01,2015,Nairn,10.1,3.6,2,72.4,59.3
2015-12-01,2015,Nairn,9.6,3.2,6,105.2,47.5
2016-01-01,2016,Nairn,6.7,1.2,14,77.2,45.5
2016-02-01,2016,Nairn,6.6,-0.4,13,67.5,74.4
2016-03-01,2016,Nairn,9.9,2.3,8,36.4,119.1
2016-04-01,2016,Nairn,9.9,2.5,4,59.2,142
2016-05-01,2016,Nairn,14.7,7.1,0,32.8,195.6
2016-06-01,2016,Nairn,16.2,9.7,0,54.2,140.2
2016-07-01,2016,Nairn,18.3,11.1,0,63.5,122
2016-08-01,2016,Nairn,18.7,10.6,0,63.9,195.9
2016-09-01,2016,Nairn,17.9,10.3,0,63.1,131.5
2016-10-01,2016,Nairn,13.7,4.5,4,24.6,131.4
2016-11-01,2016,Nairn,8,0.8,8,27.7,76.7
2016-12-01,2016,Nairn,10.4,3.2,4,73.8,38.7
1990-01-01,1990,Tiree,8.8,4,2,168.2,29.3
1990-02-01,1990,Tiree,8.1,3.1,2,246.3,45.9
1990-03-01,1990,Tiree,9.5,5.2,2,155.8,62.2
1990-04-01,1990,Tiree,10.1,4.2,2,115.6,175.1
1990-05-01,1990,Tiree,13.8,7.2,0,33.7,272.5
1990-06-01,1990,Tiree,14.6,9.4,0,102.4,199.3
1990-07-01,1990,Tiree,16.5,11.4,0,70.6,205.1
1990-08-01,1990,Tiree,16.3,11.6,0,109.6,132.1
1990-09-01,1990,Tiree,14,9,0,135,107.3
1990-10-01,1990,Tiree,12.7,8.4,0,170.5,78.6
1990-11-01,1990,Tiree,9.5,5.3,0,77.8,62.7
1990-12-01,1990,Tiree,8.3,3.4,3,133.6,26.5
1991-01-01,1991,Tiree,7.2,3.2,1,115.9,51.2
1991-02-01,1991,Tiree,6.5,1.6,9,87.2,95.8
1991-03-01,1991,Tiree,9.4,4.8,0,119.7,92.4
1991-04-01,1991,Tiree,10,5.3,0,114.6,169.9
1991-05-01,1991,Tiree,12.2,7.8,0,37.2,175.6
1991-06-01,1991,Tiree,13.3,8.1,0,82.5,216.6
1991-07-01,1991,Tiree,18.1,12.4,0,83.7,197
1991-08-01,1991,Tiree,16.8,12.5,0,70.4,157
1991-09-01,1991,Tiree,15.4,9.9,0,109.5,171.8
1991-10-01,1991,Tiree,11.9,7.6,0,144.9,65.5
1991-11-01,1991,Tiree,9.5,5,0,200.2,42
1991-12-01,1991,Tiree,9.3,5.5,1,115.9,6.9
1992-01-01,1992,Tiree,8.5,4.9,1,84.9,21.7
1992-02-01,1992,Tiree,8.8,4.8,0,151.1,52.1
1992-03-01,1992,Tiree,8.9,4.6,0,150.5,60.9
1992-04-01,1992,Tiree,9.7,5.5,0,122.1,109.7
1992-05-01,1992,Tiree,14.7,7.9,0,48.2,255.7
1992-06-01,1992,Tiree,16.2,10.6,0,32.7,200.4
1992-07-01,1992,Tiree,15.8,11,0,90.5,127
1992-08-01,1992,Tiree,15.4,10.7,0,185.8,164.2
1992-09-01,1992,Tiree,13.9,8.7,0,145.8,103.6
1992-10-01,1992,Tiree,10.5,5.9,0,107.2,74.8
1992-11-01,1992,Tiree,9.2,4.7,0,210,35.5
1992-12-01,1992,Tiree,7.5,4,1,114.7,17.4
1993-01-01,1993,Tiree,8,3,2,258.7,22.6
1993-02-01,1993,Tiree,8.3,5.6,0,65.9,27.5
1993-03-01,1993,Tiree,8.7,4.2,3,85.5,91.2
1993-04-01,1993,Tiree,10.5,5.8,0,154.9,147.3
1993-05-01,1993,Tiree,13,7,0,51.6,215.3
1993-06-01,1993,Tiree,14.5,10,0,92.3,143.2
1993-07-01,1993,Tiree,14.5,10.2,0,87.1,126.2
1993-08-01,1993,Tiree,15,10,0,65,151.8
1993-09-01,1993,Tiree,14.8,9,0,63.4,161.4
1993-10-01,1993,Tiree,11,5.9,0,45.2,108.3
1993-11-01,1993,Tiree,9.2,5.3,0,96.1,54
1993-12-01,1993,Tiree,7.3,2.8,4,208.8,34.5
1994-01-01,1994,Tiree,7.6,2.7,0,179.7,31.2
1994-02-01,1994,Tiree,6.1,2.3,2,70.7,40.3
1994-03-01,1994,Tiree,8.3,3.3,1,142.7,92.3
1994-04-01,1994,Tiree,9.7,4.4,0,107.4,164.4
1994-05-01,1994,Tiree,13.3,6.3,0,40.6,268.5
1994-06-01,1994,Tiree,13.5,9,0,112.4,120.7
1994-07-01,1994,Tiree,16.6,11.4,0,83.3,142.4
1994-08-01,1994,Tiree,15.9,10.5,0,72.5,179.4
1994-09-01,1994,Tiree,14.5,9.4,0,98.4,143.5
1994-10-01,1994,Tiree,12.4,7.9,0,104.8,75.8
1994-11-01,1994,Tiree,11.8,8.6,0,133.3,41
1994-12-01,1994,Tiree,9.2,4.4,0,205,25.8
1995-01-01,1995,Tiree,7.6,2.7,3,182.8,38.5
1995-02-01,1995,Tiree,7.7,3,2,144.6,75.1
1995-03-01,1995,Tiree,7.4,2.2,4,154.3,88
1995-04-01,1995,Tiree,10.2,4.9,0,41.1,132.7
1995-05-01,1995,Tiree,12,6.8,0,64.9,214.5
1995-06-01,1995,Tiree,15.1,9.3,0,28.2,248
1995-07-01,1995,Tiree,17.3,12,0,90.4,173.4
1995-08-01,1995,Tiree,18.4,12.8,0,33.8,238.6
1995-09-01,1995,Tiree,15.4,9.8,0,86.3,176.2
1995-10-01,1995,Tiree,14.1,9.5,0,195,87.8
1995-11-01,1995,Tiree,10.9,6.4,0,103.3,58.8
1995-12-01,1995,Tiree,6.6,1.9,8,44.1,61
1996-01-01,1996,Tiree,8.1,4.8,3,88.7,34.3
1996-02-01,1996,Tiree,7.4,1.7,6,129.3,97
1996-03-01,1996,Tiree,7.6,3.3,2,50.4,94.3
1996-04-01,1996,Tiree,10,5.7,0,100.3,143.2
1996-05-01,1996,Tiree,11.1,5.1,0,57.6,284.2
1996-06-01,1996,Tiree,14.3,9.4,0,73.4,218.8
1996-07-01,1996,Tiree,15.3,10.6,0,75.5,153.7
1996-08-01,1996,Tiree,15.9,11.5,0,129.1,142.1
1996-09-01,1996,Tiree,15.8,10.6,0,56,165.9
1996-10-01,1996,Tiree,12.9,8.6,0,247,66.9
1996-11-01,1996,Tiree,8.9,3.7,3,183.9,65.1
1996-12-01,1996,Tiree,7.3,3.1,7,68.3,62.4
1997-01-01,1997,Tiree,7.2,2.6,7,44.4,40.6
1997-02-01,1997,Tiree,8.6,2.9,0,201.9,56.7
1997-03-01,1997,Tiree,9.9,5.7,0,88.9,108.1
1997-04-01,1997,Tiree,11,6.4,0,54.9,129.1
1997-05-01,1997,Tiree,13.4,7,0,52.5,240.3
1997-06-01,1997,Tiree,14.6,9.4,0,22.9,246.1
1997-07-01,1997,Tiree,16.8,11.6,0,74.8,175.6
1997-08-01,1997,Tiree,18.2,12.6,0,97.4,223.8
1997-09-01,1997,Tiree,15.4,9.9,0,106.1,148
1997-10-01,1997,Tiree,12.9,8,0,80.9,112.7
1997-11-01,1997,Tiree,11.3,7.5,0,113.7,38.9
1997-12-01,1997,Tiree,9.5,5.2,1,166.4,36.3
1998-01-01,1998,Tiree,8.5,3.9,1,207.5,24
1998-02-01,1998,Tiree,9.9,6.4,0,124.1,35.3
1998-03-01,1998,Tiree,9.5,5.1,2,91.2,61.8
1998-04-01,1998,Tiree,9.8,4.2,1,43.8,210.3
1998-05-01,1998,Tiree,13.1,7.9,0,38.3,188.3
1998-06-01,1998,Tiree,14.2,8.8,0,71,234.5
1998-07-01,1998,Tiree,15.2,10.8,0,114.2,147
1998-08-01,1998,Tiree,15.7,11.2,0,138.8,124.9
1998-09-01,1998,Tiree,15.9,10.4,0,35.1,138.2
1998-10-01,1998,Tiree,12.1,6.9,0,187.7,121.2
1998-11-01,1998,Tiree,9.9,5,1,137.9,58
1998-12-01,1998,Tiree,9.4,5.1,0,156.6,26.3
1999-01-01,1999,Tiree,8.1,3.4,2,173.5,40.7
1999-02-01,1999,Tiree,7.5,3.3,4,89,68.8
1999-03-01,1999,Tiree,8.9,4.3,0,94,140.6
1999-04-01,1999,Tiree,10.7,5.7,2,79,162.6
1999-05-01,1999,Tiree,13.4,7.7,0,50.1,225.1
1999-06-01,1999,Tiree,13.7,8.8,0,88,194.6
1999-07-01,1999,Tiree,16.2,11.3,0,68,191.9
1999-08-01,1999,Tiree,17.2,10.8,0,78.4,197.4
1999-09-01,1999,Tiree,15.6,11,0,157.2,101.9
1999-10-01,1999,Tiree,13.1,9.1,0,103.6,81.3
1999-11-01,1999,Tiree,10.4,6.2,0,172.7,43
1999-12-01,1999,Tiree,7.4,3.2,0,259.6,38.6
2000-01-01,2000,Tiree,8.4,4.3,0,124.8,43.5
2000-02-01,2000,Tiree,8.4,3.6,2,158,68.2
2000-03-01,2000,Tiree,9.3,5.2,1,77,83.9
2000-04-01,2000,Tiree,9.6,4.6,0,50.8,183.6
2000-05-01,2000,Tiree,13.4,7.3,0,43.4,313.2
2000-06-01,2000,Tiree,14.1,9.3,0,62.2,207.7
2000-07-01,2000,Tiree,16.6,11.1,0,20.4,227.3
2000-08-01,2000,Tiree,17,11.5,0,87.6,206.6
2000-09-01,2000,Tiree,15.6,10.6,0,137.2,128
2000-10-01,2000,Tiree,12.4,8.1,0,226.4,89.3
2000-11-01,2000,Tiree,9.5,5.2,0,128,59.8
2000-12-01,2000,Tiree,8,4.5,5,165.6,47.5
2001-01-01,2001,Tiree,6.9,3.3,3,109.6,60.3
2001-02-01,2001,Tiree,7.1,3.1,4,60.5,95.6
2001-03-01,2001,Tiree,8,2.4,8,30.2,178.1
2001-04-01,2001,Tiree,9.9,4.3,0,31.6,182.4
2001-05-01,2001,Tiree,14,7.6,0,22.6,220.7
2001-06-01,2001,Tiree,13.7,8.8,0,61.8,161.8
2001-07-01,2001,Tiree,15.5,10.8,0,63,159.5
2001-08-01,2001,Tiree,16.6,11.3,0,95.6,168.3
2001-09-01,2001,Tiree,14.9,10,0,88.2,149.6
2001-10-01,2001,Tiree,14.1,10.4,0,183.8,71.5
2001-11-01,2001,Tiree,11,6.4,0,145.2,19.9
2001-12-01,2001,Tiree,8.6,4,2,89.6,50.8
2002-01-01,2002,Tiree,9.5,5.5,1,155,25.6
2002-02-01,2002,Tiree,8.6,3.9,1,187.2,52.5
2002-03-01,2002,Tiree,9.4,4.9,0,82,110
2002-04-01,2002,Tiree,10.8,6.2,0,100.4,159.7
2002-05-01,2002,Tiree,13.2,7.9,0,91.8,198.9
2002-06-01,2002,Tiree,14.5,10.3,0,135.8,156.9
2002-07-01,2002,Tiree,15.3,10.8,0,100.2,158.2
2002-08-01,2002,Tiree,16.8,11.7,0,36,133.8
2002-09-01,2002,Tiree,16,10.6,0,80,NA
2002-10-01,2002,Tiree,11.6,7.1,0,118.8,67.9
2002-11-01,2002,Tiree,10.8,7.2,1,136.8,40.6
2002-12-01,2002,Tiree,8.2,4.5,1,52,32.1
2003-01-01,2003,Tiree,7.8,3.3,7,100.8,50.7
2003-02-01,2003,Tiree,7.7,4,3,55.6,78.3
2003-03-01,2003,Tiree,9.8,5.3,0,78,144.2
2003-04-01,2003,Tiree,12.2,6.4,0,52,194.2
2003-05-01,2003,Tiree,12.5,7.4,0,85.6,175.2
2003-06-01,2003,Tiree,15.4,10.6,0,69,168.8
2003-07-01,2003,Tiree,17.4,12.5,0,75,123.3
2003-08-01,2003,Tiree,17.7,12,0,33.6,185.5
2003-09-01,2003,Tiree,15.5,9.7,0,92.2,121.9
2003-10-01,2003,Tiree,11.9,7,0,58,116.8
2003-11-01,2003,Tiree,10.9,6.7,0,183.6,54.1
2003-12-01,2003,Tiree,8.8,4.3,2,123.6,25.4
2004-01-01,2004,Tiree,8.5,4.3,1,140.6,34.9
2004-02-01,2004,Tiree,8.1,3.1,4,54,NA
2004-03-01,2004,Tiree,9.4,4.6,0,86.2,150.3
2004-04-01,2004,Tiree,11,6.6,0,79.6,161
2004-05-01,2004,Tiree,13.1,7.7,0,34.6,227.2
2004-06-01,2004,Tiree,14.9,10.2,0,68.2,140.5
2004-07-01,2004,Tiree,16.1,10.8,0,75.2,190.8
2004-08-01,2004,Tiree,18.1,12.5,0,122.2,163.9
2004-09-01,2004,Tiree,15.4,10.9,0,192.8,108.7
2004-10-01,2004,Tiree,12.6,5.7,0,143.3,77.3
2004-11-01,2004,Tiree,10.6,7.2,0,93.6,24.2
2004-12-01,2004,Tiree,9.7,5.1,1,145.8,31.4
2005-01-01,2005,Tiree,9.2,4.7,2,148.3,29.6
2005-02-01,2005,Tiree,7.7,3,5,71,78.3
2005-03-01,2005,Tiree,10,5.3,0,83.6,111.1
2005-04-01,2005,Tiree,11.2,5.6,1,109.2,167.7
2005-05-01,2005,Tiree,12.3,6.8,0,86,220.4
2005-06-01,2005,Tiree,15.3,10.6,0,85.8,147.1
2005-07-01,2005,Tiree,16.2,11.3,0,39.2,186.2
2005-08-01,2005,Tiree,16.4,11.8,0,119,153.4
2005-09-01,2005,Tiree,15.8,11.1,0,140,107.8
2005-10-01,2005,Tiree,13.7,9.7,0,126,46.5
2005-11-01,2005,Tiree,10.3,5.6,0,109.8,52.3
2005-12-01,2005,Tiree,9.1,4.8,2,111.4,31.5
2006-01-01,2006,Tiree,8.5,4.8,0,76.6,38.1
2006-02-01,2006,Tiree,8.3,3.5,4,59,88.5
2006-03-01,2006,Tiree,7.9,2.6,8,114.4,99.6
2006-04-01,2006,Tiree,10,4.9,1,81.2,175.7
2006-05-01,2006,Tiree,12.8,7.2,0,98.8,238.2
2006-06-01,2006,Tiree,15.2,10.1,0,69,190.5
2006-07-01,2006,Tiree,17.7,12.6,0,82.2,167.8
2006-08-01,2006,Tiree,16.4,11.7,0,65.6,101.6
2006-09-01,2006,Tiree,16.4,12.1,0,123.2,113.7
2006-10-01,2006,Tiree,14.1,10.1,0,184.6,78.4
2006-11-01,2006,Tiree,10.7,6.3,0,136.4,32.8
2006-12-01,2006,Tiree,9.5,5.7,0,178,20.4
2007-01-01,2007,Tiree,9.4,4.8,1,144.3,NA
2007-02-01,2007,Tiree,8.4,4.6,2,106,68
2007-03-01,2007,Tiree,9.3,4.3,1,76.6,149.7
2007-04-01,2007,Tiree,12.3,6.8,0,46.8,178.6
2007-05-01,2007,Tiree,12.8,7.2,0,69.8,244.9
2007-06-01,2007,Tiree,16.1,10.3,0,63.6,239.7
2007-07-01,2007,Tiree,16.2,11,0,57.4,156.3
2007-08-01,2007,Tiree,15.7,11,0,114,125.1
2007-09-01,2007,Tiree,14.7,9.8,0,66.4,101.9
2007-10-01,2007,Tiree,13.8,9.9,0,117.6,86.2
2007-11-01,2007,Tiree,10.9,6.9,0,98,28.6
2007-12-01,2007,Tiree,9.4,5.1,0,100.4,30.2
2008-01-01,2008,Tiree,8.5,3.4,3,161.7,29.8
2008-02-01,2008,Tiree,9,4.4,0,109.9,82.1
2008-03-01,2008,Tiree,8.5,3.6,1,126.2,138.5
2008-04-01,2008,Tiree,10.4,4.8,0,64.4,234.1
2008-05-01,2008,Tiree,15.3,8.9,0,33.8,265.7
2008-06-01,2008,Tiree,14.8,9.2,0,109.4,194.9
2008-07-01,2008,Tiree,17,11.4,0,82.8,157.9
2008-08-01,2008,Tiree,16.6,12.1,0,107.6,115.6
2008-09-01,2008,Tiree,15.1,10.2,0,79.4,124.4
2008-10-01,2008,Tiree,12,6.7,1,179.6,94.5
2008-11-01,2008,Tiree,9.7,5.7,2,117.2,29.1
2008-12-01,2008,Tiree,8,3.1,4,123.6,37
2009-01-01,2009,Tiree,7.9,3.4,3,151.8,41.9
2009-02-01,2009,Tiree,7.8,3.9,4,47.6,56.3
2009-03-01,2009,Tiree,9.3,4.3,1,88.3,124
2009-04-01,2009,Tiree,11.7,6.6,0,111.4,181.6
2009-05-01,2009,Tiree,13.3,7.3,0,94,212.3
2009-06-01,2009,Tiree,16.2,9.9,0,46.8,283.8
2009-07-01,2009,Tiree,16.8,11.6,0,101.2,222.6
2009-08-01,2009,Tiree,16.2,11.9,0,206.4,134.6
2009-09-01,2009,Tiree,15.1,10.9,0,72.4,92.2
2009-10-01,2009,Tiree,13.3,9.1,0,164.2,80.7
2009-11-01,2009,Tiree,10.2,5.9,0,239.8,39.4
2009-12-01,2009,Tiree,7.3,2.6,9,97.6,48.5
2010-01-01,2010,Tiree,6.3,1.4,11,72.8,54.1
2010-02-01,2010,Tiree,6.1,0.9,8,74.2,80.3
2010-03-01,2010,Tiree,8.7,3.3,3,53.9,121.1
2010-04-01,2010,Tiree,10.6,5.1,1,57,170.7
2010-05-01,2010,Tiree,12.3,6.8,0,51.8,218.4
2010-06-01,2010,Tiree,16,10.4,0,30.4,193.2
2010-07-01,2010,Tiree,16.1,11.4,0,129,137.3
2010-08-01,2010,Tiree,16,10.9,0,98.6,170.6
2010-09-01,2010,Tiree,15.2,11.3,0,108.2,112.5
2010-10-01,2010,Tiree,13.3,7.9,0,123.6,114.7
2010-11-01,2010,Tiree,8.4,3.2,2,140.4,64.6
2010-12-01,2010,Tiree,5.7,0.3,15,49,75.2
2011-01-01,2011,Tiree,7.8,3.2,4,100,65.8
2011-02-01,2011,Tiree,8.3,3.8,0,124,70.6
2011-03-01,2011,Tiree,9.1,5,0,63.8,103
2011-04-01,2011,Tiree,12.7,7.1,0,80.2,184.9
2011-05-01,2011,Tiree,13.1,7.9,0,158.2,116.1
2011-06-01,2011,Tiree,14.3,8.8,0,84.4,196.9
2011-07-01,2011,Tiree,15.8,10.4,0,50.8,215.7
2011-08-01,2011,Tiree,15.7,10.4,0,123.2,130.5
2011-09-01,2011,Tiree,15.1,10.8,0,165,109.2
2011-10-01,2011,Tiree,12.9,9,0,176.4,55.9
2011-11-01,2011,Tiree,11.9,8,0,121.6,66.8
2011-12-01,2011,Tiree,8.5,3.5,0,262.2,20.9
2012-01-01,2012,Tiree,8.2,4.5,0,137.8,33.9
2012-02-01,2012,Tiree,8.8,5.5,0,133.2,34.4
2012-03-01,2012,Tiree,10.5,6.5,0,43.4,118.1
2012-04-01,2012,Tiree,10.2,4.1,1,51.4,237.1
2012-05-01,2012,Tiree,13.5,6.9,0,56.6,272.7
2012-06-01,2012,Tiree,14.5,8.9,0,82.2,156.4
2012-07-01,2012,Tiree,15.5,10.3,0,82.8,158.5
2012-08-01,2012,Tiree,17.1,11.7,0,62.8,181.1
2012-09-01,2012,Tiree,14.2,9.7,0,98,107.8
2012-10-01,2012,Tiree,11.6,5.7,1,102.8,122.1
2012-11-01,2012,Tiree,9.4,5.2,0,163,50.8
2012-12-01,2012,Tiree,8,3.5,2,177.8,47.5
2013-01-01,2013,Tiree,7.5,4.5,0,140.4,30.6
2013-02-01,2013,Tiree,6.9,2.9,3,72,81.5
2013-03-01,2013,Tiree,7,1.9,5,25,138.6
2013-04-01,2013,Tiree,9.5,3.4,4,97.4,237.6
2013-05-01,2013,Tiree,11.8,6.3,0,92.4,179.2
2013-06-01,2013,Tiree,15.1,9.1,0,58.6,208.5
2013-07-01,2013,Tiree,17.7,11.9,0,48,182.3
2013-08-01,2013,Tiree,16.5,11.6,0,102.6,126.2
2013-09-01,2013,Tiree,15.1,10.4,0,109.7,92.6
2013-10-01,2013,Tiree,13.2,8.8,0,118,86.7
2013-11-01,2013,Tiree,9.7,4.9,0,126.8,56.1
2013-12-01,2013,Tiree,9.5,5.3,0,219.4,21
2014-01-01,2014,Tiree,7.9,4.4,0,187.4,37.2
2014-02-01,2014,Tiree,7.9,3.8,0,206,60.2
2014-03-01,2014,Tiree,9.4,4.9,0,100.6,110.6
2014-04-01,2014,Tiree,12.1,6.8,0,48,186.6
2014-05-01,2014,Tiree,13.3,8.3,0,110,149.5
2014-06-01,2014,Tiree,15.7,11.1,0,47.4,163.7
2014-07-01,2014,Tiree,17.7,12.2,0,118.2,205
2014-08-01,2014,Tiree,16,11,0,100.6,180.2
2014-09-01,2014,Tiree,16.1,10.9,0,27,139.7
2014-10-01,2014,Tiree,13.3,8.1,0,250.4,94.6
2014-11-01,2014,Tiree,11.4,7.1,0,128.4,47.7
2014-12-01,2014,Tiree,8.7,3.8,0,186.8,28
2015-01-01,2015,Tiree,7.6,2.6,3,177.6,30.8
2015-02-01,2015,Tiree,7.6,2.8,0,96.4,49.8
2015-03-01,2015,Tiree,8.8,3.8,0,140.6,115.9
2015-04-01,2015,Tiree,10.4,4.5,1,60.6,199.7
2015-05-01,2015,Tiree,11.3,6.3,0,123.4,195.8
2015-06-01,2015,Tiree,13.2,8.7,0,68.8,139.9
2015-07-01,2015,Tiree,15.1,9.9,0,165.8,66.1
2015-08-01,2015,Tiree,15.9,10.9,0,74.7,156.9
2015-09-01,2015,Tiree,14.7,10.3,0,40.9,127.6
2015-10-01,2015,Tiree,13.5,8.6,0,73.8,97.3
2015-11-01,2015,Tiree,10.7,6.4,0,189.6,30.6
2015-12-01,2015,Tiree,9.8,5.1,0,268.6,14.1
2016-01-01,2016,Tiree,8,4,1,186.2,17.8
2016-02-01,2016,Tiree,7.4,2.5,2,153.6,87.1
2016-03-01,2016,Tiree,8.9,4.4,0,92.4,103.9
2016-04-01,2016,Tiree,9.5,4,0,77.4,199
2016-05-01,2016,Tiree,14.3,7.6,0,60.2,269
2016-06-01,2016,Tiree,16,10.8,0,54.8,196
2016-07-01,2016,Tiree,15.7,11,0,144.8,119.5
2016-08-01,2016,Tiree,16.7,12.1,0,124.4,145
2016-09-01,2016,Tiree,15.8,11.4,0,137.4,75.6
2016-10-01,2016,Tiree,13.4,9,0,37.4,98.4
2016-11-01,2016,Tiree,9.7,4.6,2,117,50.8
2016-12-01,2016,Tiree,10.4,6.1,0,131.4,18
